{
  "FilterHeaders": [
    {
      "Header": "user-agent",
      "IncludeInScript": false
    },
    {
      "Header": "upgrade-insecure-requests",
      "IncludeInScript": false
    },
    {
      "Header": "sec-fetch-site",
      "IncludeInScript": false
    },
    {
      "Header": "sec-fetch-mode",
      "IncludeInScript": false
    },
    {
      "Header": "sec-fetch-dest",
      "IncludeInScript": false
    },
    {
      "Header": "origin",
      "IncludeInScript": false
    },
    {
      "Header": "if-none-match",
      "IncludeInScript": false
    },
    {
      "Header": "accept-language",
      "IncludeInScript": false
    },
    {
      "Header": "accept-encoding",
      "IncludeInScript": false
    },
    {
      "Header": "accept",
      "IncludeInScript": false
    },
    {
      "Header": "a-im",
      "IncludeInScript": false
    }
  ],
  "FilterResources": [
    {
      "IsNonResource": true,
      "type": "text/html"
    },
    {
      "IsNonResource": false,
      "type": "text/css"
    },
    {
      "IsNonResource": false,
      "type": "image/png"
    },
    {
      "IsNonResource": false,
      "type": "image/jpeg"
    },
    {
      "IsNonResource": false,
      "type": "application/javascript"
    }
  ],
  "GeneralInfo": {
    "BrowserVersion": "",
    "IsWinInetMode": false,
    "MaxUsedConnections": 7,
    "RecordedBrowser": "Chrome",
    "RecordingDate": "Jun-02-2022",
    "RecordingDuration": 1672,
    "RecordingMode": "N/A",
    "RecordingTimeStamp": 1654165625,
    "RecordingType": "Browser",
    "TotalBytesReceived": 1499680,
    "TotalBytesSent": 30891,
    "TotalRequests": 29,
    "UserAgent": "Mozilla/5.0 (Windows NT 10.0; Win64; x64) AppleWebKit/537.36 (KHTML, like Gecko) Chrome/102.0.5005.63 Safari/537.36"
  },
  "HostInfo": [
    {
      "DomainName": "googleapis.com",
      "Domains": [
        {
          "HTTPVersion": "HTTP/1.1",
          "IP": "142.250.179.227",
          "IncludeInScript": true,
          "Name": "clientservices.googleapis.com",
          "Port": 443,
          "Requests": [
            {
              "CompressionType": "",
              "DataType": "",
              "DownloadTime": 31,
              "EventId": 28,
              "HttpStatus": 304,
              "Size": 0,
              "URL": "https://clientservices.googleapis.com/chrome-variations/seed?osname=win&channel=stable&milestone=102"
            }
          ],
          "SSLCipher": "",
          "SSLVersion": ""
        }
      ],
      "IncludeInScript": true
    },
    {
      "DomainName": "amazonaws.com",
      "Domains": [
        {
          "HTTPVersion": "HTTP/1.1",
          "IP": "52.214.54.203",
          "IncludeInScript": true,
          "Name": "prestashop-dublin-production-658025956.eu-west-1.elb.amazonaws.com",
          "Port": 80,
          "Requests": [
            {
              "CompressionType": "",
              "DataType": "image/jpeg",
              "DownloadTime": 31,
              "EventId": 188,
              "HttpStatus": 200,
              "Size": 6609,
              "URL": "http://prestashop-dublin-production-658025956.eu-west-1.elb.amazonaws.com/img/p/6/6-home_default.jpg"
            },
            {
              "CompressionType": "",
              "DataType": "image/jpeg",
              "DownloadTime": 47,
              "EventId": 170,
              "HttpStatus": 200,
              "Size": 8031,
              "URL": "http://prestashop-dublin-production-658025956.eu-west-1.elb.amazonaws.com/img/p/5/5-home_default.jpg"
            },
            {
              "CompressionType": "",
              "DataType": "image/jpeg",
              "DownloadTime": 47,
              "EventId": 166,
              "HttpStatus": 200,
              "Size": 8293,
              "URL": "http://prestashop-dublin-production-658025956.eu-west-1.elb.amazonaws.com/img/p/4/4-home_default.jpg"
            },
            {
              "CompressionType": "",
              "DataType": "",
              "DownloadTime": 32,
              "EventId": 161,
              "HttpStatus": 200,
              "Size": 160208,
              "URL": "http://prestashop-dublin-production-658025956.eu-west-1.elb.amazonaws.com/themes/classic/assets/css/199038f07312bfc6f0aabd3ed6a2b64d.woff2"
            },
            {
              "CompressionType": "",
              "DataType": "",
              "DownloadTime": 31,
              "EventId": 157,
              "HttpStatus": 200,
              "Size": 44300,
              "URL": "http://prestashop-dublin-production-658025956.eu-west-1.elb.amazonaws.com/themes/classic/assets/css/570eb83859dc23dd0eec423a49e147fe.woff2"
            },
            {
              "CompressionType": "",
              "DataType": "",
              "DownloadTime": 47,
              "EventId": 151,
              "HttpStatus": 200,
              "Size": 161480,
              "URL": "http://prestashop-dublin-production-658025956.eu-west-1.elb.amazonaws.com/themes/classic/assets/css/19c1b868764c0e4d15a45d3f61250488.woff2"
            },
            {
              "CompressionType": "",
              "DataType": "image/jpeg",
              "DownloadTime": 47,
              "EventId": 101,
              "HttpStatus": 200,
              "Size": 8986,
              "URL": "http://prestashop-dublin-production-658025956.eu-west-1.elb.amazonaws.com/img/p/3/3-home_default.jpg"
            },
            {
              "CompressionType": "",
              "DataType": "image/jpeg",
              "DownloadTime": 47,
              "EventId": 96,
              "HttpStatus": 200,
              "Size": 6914,
              "URL": "http://prestashop-dublin-production-658025956.eu-west-1.elb.amazonaws.com/img/p/2/2-home_default.jpg"
            },
            {
              "CompressionType": "",
              "DataType": "image/jpeg",
              "DownloadTime": 78,
              "EventId": 92,
              "HttpStatus": 200,
              "Size": 213995,
              "URL": "http://prestashop-dublin-production-658025956.eu-west-1.elb.amazonaws.com/modules/ps_imageslider/images/sample-2.jpg"
            },
            {
              "CompressionType": "",
              "DataType": "image/jpeg",
              "DownloadTime": 62,
              "EventId": 90,
              "HttpStatus": 200,
              "Size": 413603,
              "URL": "http://prestashop-dublin-production-658025956.eu-west-1.elb.amazonaws.com/modules/ps_imageslider/images/sample-3.jpg"
            },
            {
              "CompressionType": "",
              "DataType": "image/jpeg",
              "DownloadTime": 32,
              "EventId": 88,
              "HttpStatus": 200,
              "Size": 7405,
              "URL": "http://prestashop-dublin-production-658025956.eu-west-1.elb.amazonaws.com/img/p/2/1/21-home_default.jpg"
            },
            {
              "CompressionType": "",
              "DataType": "image/jpeg",
              "DownloadTime": 47,
              "EventId": 83,
              "HttpStatus": 200,
              "Size": 260937,
              "URL": "http://prestashop-dublin-production-658025956.eu-west-1.elb.amazonaws.com/modules/ps_imageslider/images/sample-1.jpg"
            },
            {
              "CompressionType": "",
              "DataType": "image/png",
              "DownloadTime": 47,
              "EventId": 81,
              "HttpStatus": 200,
              "Size": 1831,
              "URL": "http://prestashop-dublin-production-658025956.eu-west-1.elb.amazonaws.com/img/logo.png"
            },
            {
              "CompressionType": "gzip",
              "DataType": "application/javascript",
              "DownloadTime": 31,
              "EventId": 79,
              "HttpStatus": 200,
              "Size": 98,
              "URL": "http://prestashop-dublin-production-658025956.eu-west-1.elb.amazonaws.com/themes/classic/assets/js/custom.js"
            },
            {
              "CompressionType": "gzip",
              "DataType": "application/javascript",
              "DownloadTime": 16,
              "EventId": 77,
              "HttpStatus": 200,
              "Size": 751,
              "URL": "http://prestashop-dublin-production-658025956.eu-west-1.elb.amazonaws.com/modules/ps_shoppingcart/ps_shoppingcart.js"
            },
            {
              "CompressionType": "gzip",
              "DataType": "application/javascript",
              "DownloadTime": 31,
              "EventId": 73,
              "HttpStatus": 200,
              "Size": 508,
              "URL": "http://prestashop-dublin-production-658025956.eu-west-1.elb.amazonaws.com/modules/ps_searchbar/ps_searchbar.js"
            },
            {
              "CompressionType": "gzip",
              "DataType": "application/javascript",
              "DownloadTime": 46,
              "EventId": 70,
              "HttpStatus": 200,
              "Size": 894,
              "URL": "http://prestashop-dublin-production-658025956.eu-west-1.elb.amazonaws.com/modules/ps_imageslider/js/homeslider.js"
            },
            {
              "CompressionType": "gzip",
              "DataType": "application/javascript",
              "DownloadTime": 63,
              "EventId": 60,
              "HttpStatus": 200,
              "Size": 60733,
              "URL": "http://prestashop-dublin-production-658025956.eu-west-1.elb.amazonaws.com/js/jquery/ui/jquery-ui.min.js"
            },
            {
              "CompressionType": "gzip",
              "DataType": "application/javascript",
              "DownloadTime": 63,
              "EventId": 57,
              "HttpStatus": 200,
              "Size": 36468,
              "URL": "http://prestashop-dublin-production-658025956.eu-west-1.elb.amazonaws.com/themes/core.js"
            },
            {
              "CompressionType": "gzip",
              "DataType": "application/javascript",
              "DownloadTime": 47,
              "EventId": 55,
              "HttpStatus": 200,
              "Size": 47936,
              "URL": "http://prestashop-dublin-production-658025956.eu-west-1.elb.amazonaws.com/themes/classic/assets/js/theme.js"
            },
            {
              "CompressionType": "gzip",
              "DataType": "application/javascript",
              "DownloadTime": 31,
              "EventId": 53,
              "HttpStatus": 200,
              "Size": 1472,
              "URL": "http://prestashop-dublin-production-658025956.eu-west-1.elb.amazonaws.com/modules/ps_imageslider/js/responsiveslides.min.js"
            },
            {
              "CompressionType": "gzip",
              "DataType": "text/css",
              "DownloadTime": 31,
              "EventId": 50,
              "HttpStatus": 200,
              "Size": 98,
              "URL": "http://prestashop-dublin-production-658025956.eu-west-1.elb.amazonaws.com/themes/classic/assets/css/custom.css"
            },
            {
              "CompressionType": "gzip",
              "DataType": "text/css",
              "DownloadTime": 31,
              "EventId": 48,
              "HttpStatus": 200,
              "Size": 478,
              "URL": "http://prestashop-dublin-production-658025956.eu-west-1.elb.amazonaws.com/modules/ps_imageslider/css/homeslider.css"
            },
            {
              "CompressionType": "gzip",
              "DataType": "text/css",
              "DownloadTime": 31,
              "EventId": 46,
              "HttpStatus": 200,
              "Size": 2287,
              "URL": "http://prestashop-dublin-production-658025956.eu-west-1.elb.amazonaws.com/js/jquery/ui/themes/base/minified/jquery.ui.theme.min.css"
            },
            {
              "CompressionType": "gzip",
              "DataType": "text/css",
              "DownloadTime": 32,
              "EventId": 38,
              "HttpStatus": 200,
              "Size": 4871,
              "URL": "http://prestashop-dublin-production-658025956.eu-west-1.elb.amazonaws.com/js/jquery/ui/themes/base/minified/jquery-ui.min.css"
            },
            {
              "CompressionType": "gzip",
              "DataType": "text/css",
              "DownloadTime": 31,
              "EventId": 31,
              "HttpStatus": 200,
              "Size": 32798,
              "URL": "http://prestashop-dublin-production-658025956.eu-west-1.elb.amazonaws.com/themes/classic/assets/css/theme.css"
            },
            {
              "CompressionType": "gzip",
              "DataType": "text/html",
              "DownloadTime": 172,
              "EventId": 24,
              "HttpStatus": 200,
              "Size": 7696,
              "URL": "http://prestashop-dublin-production-658025956.eu-west-1.elb.amazonaws.com/index.php"
            },
            {
              "CompressionType": "",
              "DataType": "text/html",
              "DownloadTime": 94,
              "EventId": 18,
              "HttpStatus": 302,
              "Size": 0,
              "URL": "http://prestashop-dublin-production-658025956.eu-west-1.elb.amazonaws.com/"
            }
          ],
          "SSLCipher": "None",
          "SSLVersion": "None"
        }
      ],
      "IncludeInScript": true
    }
  ],
  "WebSocket": {
    "IncludeInScript": false,
    "IsScriptIncludeWebSocket": false
  },
  "NumberOfCorrelations": 0
}